Workbook

Sheet 1. REI Prioritization
B1: Step 1 — Supplier Prioritization | Simchi-Levi Risk Exposure Index (REI)
B2: ► Yellow cells = enter your data. Teal cells = auto-calculated. REI Score, Risk Level, and Segment update automatically when you change any input.
B4: Simchi-Levi REI Method: REI = Time to Recover (TTR) − Time to Survive (TTS) | Positive REI = Critical Risk (supplier takes longer to recover than KLA can survive without them)
B5: Supplier Name | C5: Region | D5: Tier | E5: TTR (weeks) Time to Recover | F5: TTS (weeks) Time to Survive | G5: REI Score (TTR−TTS) | H5: Single Source? | I5: Annual Spend ($K) | J5: Financial Risk Flag? | K5: Performance Score (1-5) | L5: Composite Risk Score | M5: Segment | N5: Escalation Window
E6: Weeks to find alternate source | F6: Weeks KLA survives without | G6: Auto: TTR-TTS | H6: Yes/No | I6: Annual $ in thousands | J6: Yes/No | K6: 5=Best 1=Worst | L6: Auto-calculated | M6: Auto-assigned | N6: Auto-assigned
B7: Bosch GmbH | C7: Europe | D7: Tier 1 | E7: 12 | F7: 2 | G7: =E7-F7 -> 10 | H7: Yes | I7: 8500 | J7: No | K7: 5 | L7: =ROUND((MIN(MAX(G7,0),20)/20*35)+(IF(H7="Yes",25,0))+(MIN(I7,10000)/10000*20)+(IF(J7="Yes",10,0))+((6-MIN(K7,5))/5*10),1) -> 61.5 | M7: =IF(J7="Yes","Watch List",IF(OR(H7="Yes",L7>=60),"Critical / P1",IF(L7>=40,"Strategic / P2",IF(L7>=20,"Preferred / P3","Approved / P4")))) -> Critical / P1 | N7: =IF(M7="Critical / P1","7 days",IF(M7="Strategic / P2","14 days",IF(M7="Preferred / P3","21 days",IF(M7="Watch List","Immediate","30 days")))) -> 7 days
B8: BorgWarner | C8: N. America | D8: Tier 1 | E8: 16 | F8: 2 | G8: =E8-F8 -> 14 | H8: Yes | I8: 6200 | J8: No | K8: 5 | L8: =ROUND((MIN(MAX(G8,0),20)/20*35)+(IF(H8="Yes",25,0))+(MIN(I8,10000)/10000*20)+(IF(J8="Yes",10,0))+((6-MIN(K8,5))/5*10),1) -> 63.9 | M8: =IF(J8="Yes","Watch List",IF(OR(H8="Yes",L8>=60),"Critical / P1",IF(L8>=40,"Strategic / P2",IF(L8>=20,"Preferred / P3","Approved / P4")))) -> Critical / P1 | N8: =IF(M8="Critical / P1","7 days",IF(M8="Strategic / P2","14 days",IF(M8="Preferred / P3","21 days",IF(M8="Watch List","Immediate","30 days")))) -> 7 days
B9: Gentex Corporation | C9: N. America | D9: Tier 1 | E9: 14 | F9: 2 | G9: =E9-F9 -> 12 | H9: Yes | I9: 4800 | J9: No | K9: 5 | L9: =ROUND((MIN(MAX(G9,0),20)/20*35)+(IF(H9="Yes",25,0))+(MIN(I9,10000)/10000*20)+(IF(J9="Yes",10,0))+((6-MIN(K9,5))/5*10),1) -> 57.6 | M9: =IF(J9="Yes","Watch List",IF(OR(H9="Yes",L9>=60),"Critical / P1",IF(L9>=40,"Strategic / P2",IF(L9>=20,"Preferred / P3","Approved / P4")))) -> Critical / P1 | N9: =IF(M9="Critical / P1","7 days",IF(M9="Strategic / P2","14 days",IF(M9="Preferred / P3","21 days",IF(M9="Watch List","Immediate","30 days")))) -> 7 days
B10: Magna International | C10: N. America | D10: Tier 1 | E10: 6 | F10: 4 | G10: =E10-F10 -> 2 | H10: No | I10: 4200 | J10: No | K10: 4 | L10: =ROUND((MIN(MAX(G10,0),20)/20*35)+(IF(H10="Yes",25,0))+(MIN(I10,10000)/10000*20)+(IF(J10="Yes",10,0))+((6-MIN(K10,5))/5*10),1) -> 15.9 | M10: =IF(J10="Yes","Watch List",IF(OR(H10="Yes",L10>=60),"Critical / P1",IF(L10>=40,"Strategic / P2",IF(L10>=20,"Preferred / P3","Approved / P4")))) -> Approved / P4 | N10: =IF(M10="Critical / P1","7 days",IF(M10="Strategic / P2","14 days",IF(M10="Preferred / P3","21 days",IF(M10="Watch List","Immediate","30 days")))) -> 30 days
B11: Aptiv PLC | C11: Europe | D11: Tier 1 | E11: 8 | F11: 4 | G11: =E11-F11 -> 4 | H11: No | I11: 3900 | J11: No | K11: 4 | L11: =ROUND((MIN(MAX(G11,0),20)/20*35)+(IF(H11="Yes",25,0))+(MIN(I11,10000)/10000*20)+(IF(J11="Yes",10,0))+((6-MIN(K11,5))/5*10),1) -> 18.8 | M11: =IF(J11="Yes","Watch List",IF(OR(H11="Yes",L11>=60),"Critical / P1",IF(L11>=40,"Strategic / P2",IF(L11>=20,"Preferred / P3","Approved / P4")))) -> Approved / P4 | N11: =IF(M11="Critical / P1","7 days",IF(M11="Strategic / P2","14 days",IF(M11="Preferred / P3","21 days",IF(M11="Watch List","Immediate","30 days")))) -> 30 days
B12: Yanfeng Automotive | C12: Europe | D12: Tier 1 | E12: 6 | F12: 4 | G12: =E12-F12 -> 2 | H12: No | I12: 3100 | J12: No | K12: 4 | L12: =ROUND((MIN(MAX(G12,0),20)/20*35)+(IF(H12="Yes",25,0))+(MIN(I12,10000)/10000*20)+(IF(J12="Yes",10,0))+((6-MIN(K12,5))/5*10),1) -> 13.7 | M12: =IF(J12="Yes","Watch List",IF(OR(H12="Yes",L12>=60),"Critical / P1",IF(L12>=40,"Strategic / P2",IF(L12>=20,"Preferred / P3","Approved / P4")))) -> Approved / P4 | N12: =IF(M12="Critical / P1","7 days",IF(M12="Strategic / P2","14 days",IF(M12="Preferred / P3","21 days",IF(M12="Watch List","Immediate","30 days")))) -> 30 days
B13: Lear Corporation | C13: N. America | D13: Tier 1 | E13: 4 | F13: 4 | G13: =E13-F13 -> 0 | H13: No | I13: 2800 | J13: No | K13: 5 | L13: =ROUND((MIN(MAX(G13,0),20)/20*35)+(IF(H13="Yes",25,0))+(MIN(I13,10000)/10000*20)+(IF(J13="Yes",10,0))+((6-MIN(K13,5))/5*10),1) -> 7.6 | M13: =IF(J13="Yes","Watch List",IF(OR(H13="Yes",L13>=60),"Critical / P1",IF(L13>=40,"Strategic / P2",IF(L13>=20,"Preferred / P3","Approved / P4")))) -> Approved / P4 | N13: =IF(M13="Critical / P1","7 days",IF(M13="Strategic / P2","14 days",IF(M13="Preferred / P3","21 days",IF(M13="Watch List","Immediate","30 days")))) -> 30 days
B14: Grupo Antolin | C14: Mexico | D14: Tier 1 | E14: 6 | F14: 4 | G14: =E14-F14 -> 2 | H14: No | I14: 2200 | J14: No | K14: 4 | L14: =ROUND((MIN(MAX(G14,0),20)/20*35)+(IF(H14="Yes",25,0))+(MIN(I14,10000)/10000*20)+(IF(J14="Yes",10,0))+((6-MIN(K14,5))/5*10),1) -> 11.9 | M14: =IF(J14="Yes","Watch List",IF(OR(H14="Yes",L14>=60),"Critical / P1",IF(L14>=40,"Strategic / P2",IF(L14>=20,"Preferred / P3","Approved / P4")))) -> Approved / P4 | N14: =IF(M14="Critical / P1","7 days",IF(M14="Strategic / P2","14 days",IF(M14="Preferred / P3","21 days",IF(M14="Watch List","Immediate","30 days")))) -> 30 days
B15: Motherson Group | C15: India | D15: Tier 1 | E15: 8 | F15: 3 | G15: =E15-F15 -> 5 | H15: No | I15: 1900 | J15: No | K15: 3 | L15: =ROUND((MIN(MAX(G15,0),20)/20*35)+(IF(H15="Yes",25,0))+(MIN(I15,10000)/10000*20)+(IF(J15="Yes",10,0))+((6-MIN(K15,5))/5*10),1) -> 18.6 | M15: =IF(J15="Yes","Watch List",IF(OR(H15="Yes",L15>=60),"Critical / P1",IF(L15>=40,"Strategic / P2",IF(L15>=20,"Preferred / P3","Approved / P4")))) -> Approved / P4 | N15: =IF(M15="Critical / P1","7 days",IF(M15="Strategic / P2","14 days",IF(M15="Preferred / P3","21 days",IF(M15="Watch List","Immediate","30 days")))) -> 30 days
B16: Adient | C16: N. America | D16: Tier 1 | E16: 4 | F16: 4 | G16: =E16-F16 -> 0 | H16: No | I16: 1400 | J16: No | K16: 4 | L16: =ROUND((MIN(MAX(G16,0),20)/20*35)+(IF(H16="Yes",25,0))+(MIN(I16,10000)/10000*20)+(IF(J16="Yes",10,0))+((6-MIN(K16,5))/5*10),1) -> 6.8 | M16: =IF(J16="Yes","Watch List",IF(OR(H16="Yes",L16>=60),"Critical / P1",IF(L16>=40,"Strategic / P2",IF(L16>=20,"Preferred / P3","Approved / P4")))) -> Approved / P4 | N16: =IF(M16="Critical / P1","7 days",IF(M16="Strategic / P2","14 days",IF(M16="Preferred / P3","21 days",IF(M16="Watch List","Immediate","30 days")))) -> 30 days
B17: Tata Steel | C17: India | D17: Tier 2 | E17: 10 | F17: 3 | G17: =E17-F17 -> 7 | H17: No | I17: 850 | J17: No | K17: 3 | L17: =ROUND((MIN(MAX(G17,0),20)/20*35)+(IF(H17="Yes",25,0))+(MIN(I17,10000)/10000*20)+(IF(J17="Yes",10,0))+((6-MIN(K17,5))/5*10),1) -> 20 | M17: =IF(J17="Yes","Watch List",IF(OR(H17="Yes",L17>=60),"Critical / P1",IF(L17>=40,"Strategic / P2",IF(L17>=20,"Preferred / P3","Approved / P4")))) -> Preferred / P3 | N17: =IF(M17="Critical / P1","7 days",IF(M17="Strategic / P2","14 days",IF(M17="Preferred / P3","21 days",IF(M17="Watch List","Immediate","30 days")))) -> 21 days
B18: Minda Industries | C18: India | D18: Tier 2 | E18: 8 | F18: 3 | G18: =E18-F18 -> 5 | H18: No | I18: 620 | J18: No | K18: 3 | L18: =ROUND((MIN(MAX(G18,0),20)/20*35)+(IF(H18="Yes",25,0))+(MIN(I18,10000)/10000*20)+(IF(J18="Yes",10,0))+((6-MIN(K18,5))/5*10),1) -> 16 | M18: =IF(J18="Yes","Watch List",IF(OR(H18="Yes",L18>=60),"Critical / P1",IF(L18>=40,"Strategic / P2",IF(L18>=20,"Preferred / P3","Approved / P4")))) -> Approved / P4 | N18: =IF(M18="Critical / P1","7 days",IF(M18="Strategic / P2","14 days",IF(M18="Preferred / P3","21 days",IF(M18="Watch List","Immediate","30 days")))) -> 30 days
... B21: Zhejiang Components | C21: Asia Pacific | D21: Tier 2 | E21: 18 | F21: 1 | G21: =E21-F21 -> 17 | H21: No | I21: 280 | J21: Yes | K21: 2 | L21: =ROUND((MIN(MAX(G21,0),20)/20*35)+(IF(H21="Yes",25,0))+(MIN(I21,10000)/10000*20)+(IF(J21="Yes",10,0))+((6-MIN(K21,5))/5*10),1) -> 48.3 | M21: =IF(J21="Yes","Watch List",IF(OR(H21="Yes",L21>=60),"Critical / P1",IF(L21>=40,"Strategic / P2",IF(L21>=20,"Preferred / P3","Approved / P4")))) -> Watch List | N21: =IF(M21="Critical / P1","7 days",IF(M21="Strategic / P2","14 days",IF(M21="Preferred / P3","21 days",IF(M21="Watch List","Immediate","30 days")))) -> Immediate
B22: Portfolio Summary — Auto-calculated
B23: =COUNTIF(M7:M21,"Critical / P1")&" — Critical / P1" -> 3 — Critical / P1 | D23: =COUNTIF(M7:M21,"Strategic / P2")&" — Strategic / P2" -> 0 — Strategic / P2 | F23: =COUNTIF(M7:M21,"Preferred / P3")&" — Preferred / P3" -> 1 — Preferred / P3 | H23: =COUNTIF(M7:M21,"Approved / P4")&" — Approved / P4" -> 9 — Approved / P4 | J23: =COUNTIF(M7:M21,"Watch List")&" — Watch List" -> 2 — Watch List
B25: REI Interpretation Guide
B26: REI > 4 weeks | C26: High Risk | D26: Supplier takes significantly longer to recover than KLA can survive. Immediate mitigation required.
B27: REI 1-4 weeks | C27: Medium Risk | D27: Supplier recovery slightly exceeds KLA survival window. Monitor closely and develop contingency.
B28: REI ≤ 0 weeks | C28: Low Risk | D28: KLA can survive longer than supplier recovery time. Acceptable risk level.
B29: Single Source = Yes | C29: Automatic P1 | D29: Regardless of REI score, single-source suppliers are always Critical P1.
B30: Financial Risk = Yes | C30: Watch List | D30: Suppliers with financial stress flags are placed on Watch List regardless of other scores.

Sheet 2. Supplier Master
B1: Step 2 — Supplier Master List | Contact database. Segment auto-pulled from REI Prioritization.
B2: ► Yellow cells = enter contact data. Segment and Escalation Window pull automatically from Sheet 1. Never re-enter supplier names — they must match Sheet 1 exactly.
B4: Supplier Name | C4: Region | D4: Tier | E4: Segment (from Sheet 1) | F4: Primary Contact | G4: Contact Email | H4: Backup Contact | I4: Portal Status | J4: Active? | K4: Escalation Window (from Sheet 1) | L4: Notes
B5: Bosch GmbH | C5: =IFERROR(INDEX('1. REI Prioritization'!C7:C21,MATCH(B5,'1. REI Prioritization'!B7:B21,0)),"") -> Europe | D5: =IFERROR(INDEX('1. REI Prioritization'!D7:D21,MATCH(B5,'1. REI Prioritization'!B7:B21,0)),"") -> Tier 1 | E5: =IFERROR(INDEX('1. REI Prioritization'!M7:M21,MATCH(B5,'1. REI Prioritization'!B7:B21,0)),"") -> Critical / P1 | F5: Anna Muller | G5: a.muller@bosch.com | H5: Klaus Weber | I5: Registered | J5: Yes | K5: =IFERROR(INDEX('1. REI Prioritization'!N7:N21,MATCH(B5,'1. REI Prioritization'!B7:B21,0)),"") -> 7 days | L5: Single source — sensor module
B6: BorgWarner | C6: =IFERROR(INDEX('1. REI Prioritization'!C7:C21,MATCH(B6,'1. REI Prioritization'!B7:B21,0)),"") -> N. America | D6: =IFERROR(INDEX('1. REI Prioritization'!D7:D21,MATCH(B6,'1. REI Prioritization'!B7:B21,0)),"") -> Tier 1 | E6: =IFERROR(INDEX('1. REI Prioritization'!M7:M21,MATCH(B6,'1. REI Prioritization'!B7:B21,0)),"") -> Critical / P1 | F6: Steve Hunt | G6: s.hunt@borgwarner.com | H6: Diana Ross | I6: Registered | J6: Yes | K6: =IFERROR(INDEX('1. REI Prioritization'!N7:N21,MATCH(B6,'1. REI Prioritization'!B7:B21,0)),"") -> 7 days | L6: Single source — drivetrain
B7: Gentex Corporation | C7: =IFERROR(INDEX('1. REI Prioritization'!C7:C21,MATCH(B7,'1. REI Prioritization'!B7:B21,0)),"") -> N. America | D7: =IFERROR(INDEX('1. REI Prioritization'!D7:D21,MATCH(B7,'1. REI Prioritization'!B7:B21,0)),"") -> Tier 1 | E7: =IFERROR(INDEX('1. REI Prioritization'!M7:M21,MATCH(B7,'1. REI Prioritization'!B7:B21,0)),"") -> Critical / P1 | F7: Mike Johnson | G7: m.johnson@gentex.com | H7: Amy Park | I7: Registered | J7: Yes | K7: =IFERROR(INDEX('1. REI Prioritization'!N7:N21,MATCH(B7,'1. REI Prioritization'!B7:B21,0)),"") -> 7 days
B8: Magna International | C8: =IFERROR(INDEX('1. REI Prioritization'!C7:C21,MATCH(B8,'1. REI Prioritization'!B7:B21,0)),"") -> N. America | D8: =IFERROR(INDEX('1. REI Prioritization'!D7:D21,MATCH(B8,'1. REI Prioritization'!B7:B21,0)),"") -> Tier 1 | E8: =IFERROR(INDEX('1. REI Prioritization'!M7:M21,MATCH(B8,'1. REI Prioritization'!B7:B21,0)),"") -> Approved / P4 | F8: John Smith | G8: j.smith@magna.com | H8: Sarah Lee | I8: Registered | J8: Yes | K8: =IFERROR(INDEX('1. REI Prioritization'!N7:N21,MATCH(B8,'1. REI Prioritization'!B7:B21,0)),"") -> 30 days
B9: Aptiv PLC | C9: =IFERROR(INDEX('1. REI Prioritization'!C7:C21,MATCH(B9,'1. REI Prioritization'!B7:B21,0)),"") -> Europe | D9: =IFERROR(INDEX('1. REI Prioritization'!D7:D21,MATCH(B9,'1. REI Prioritization'!B7:B21,0)),"") -> Tier 1 | E9: =IFERROR(INDEX('1. REI Prioritization'!M7:M21,MATCH(B9,'1. REI Prioritization'!B7:B21,0)),"") -> Approved / P4 | F9: James O'Brien | G9: j.obrien@aptiv.com | H9: Elena Kovac | I9: Registered | J9: Yes | K9: =IFERROR(INDEX('1. REI Prioritization'!N7:N21,MATCH(B9,'1. REI Prioritization'!B7:B21,0)),"") -> 30 days
B10: Yanfeng Automotive | C10: =IFERROR(INDEX('1. REI Prioritization'!C7:C21,MATCH(B10,'1. REI Prioritization'!B7:B21,0)),"") -> Europe | D10: =IFERROR(INDEX('1. REI Prioritization'!D7:D21,MATCH(B10,'1. REI Prioritization'!B7:B21,0)),"") -> Tier 1 | E10: =IFERROR(INDEX('1. REI Prioritization'!M7:M21,MATCH(B10,'1. REI Prioritization'!B7:B21,0)),"") -> Approved / P4 | F10: Pierre Dupont | G10: p.dupont@yanfeng.com | H10: Marie Chen | I10: Registered | J10: Yes | K10: =IFERROR(INDEX('1. REI Prioritization'!N7:N21,MATCH(B10,'1. REI Prioritization'!B7:B21,0)),"") -> 30 days
B11: Lear Corporation | C11: =IFERROR(INDEX('1. REI Prioritization'!C7:C21,MATCH(B11,'1. REI Prioritization'!B7:B21,0)),"") -> N. America | D11: =IFERROR(INDEX('1. REI Prioritization'!D7:D21,MATCH(B11,'1. REI Prioritization'!B7:B21,0)),"") -> Tier 1 | E11: =IFERROR(INDEX('1. REI Prioritization'!M7:M21,MATCH(B11,'1. REI Prioritization'!B7:B21,0)),"") -> Approved / P4 | F11: Tom Bradley | G11: t.bradley@lear.com | H11: Nancy Wu | I11: Registered | J11: Yes | K11: =IFERROR(INDEX('1. REI Prioritization'!N7:N21,MATCH(B11,'1. REI Prioritization'!B7:B21,0)),"") -> 30 days
B12: Grupo Antolin | C12: =IFERROR(INDEX('1. REI Prioritization'!C7:C21,MATCH(B12,'1. REI Prioritization'!B7:B21,0)),"") -> Mexico | D12: =IFERROR(INDEX('1. REI Prioritization'!D7:D21,MATCH(B12,'1. REI Prioritization'!B7:B21,0)),"") -> Tier 1 | E12: =IFERROR(INDEX('1. REI Prioritization'!M7:M21,MATCH(B12,'1. REI Prioritization'!B7:B21,0)),"") -> Approved / P4 | F12: Carlos Diaz | G12: c.diaz@antolin.com | H12: Rosa Martinez | I12: Registered | J12: Yes | K12: =IFERROR(INDEX('1. REI Prioritization'!N7:N21,MATCH(B12,'1. REI Prioritization'!B7:B21,0)),"") -> 30 days
B13: Motherson Group | C13: =IFERROR(INDEX('1. REI Prioritization'!C7:C21,MATCH(B13,'1. REI Prioritization'!B7:B21,0)),"") -> India | D13: =IFERROR(INDEX('1. REI Prioritization'!D7:D21,MATCH(B13,'1. REI Prioritization'!B7:B21,0)),"") -> Tier 1 | E13: =IFERROR(INDEX('1. REI Prioritization'!M7:M21,MATCH(B13,'1. REI Prioritization'!B7:B21,0)),"") -> Approved / P4 | F13: Ravi Verma | G13: r.verma@motherson.com | H13: Sunita Rao | I13: Registered | J13: Yes | K13: =IFERROR(INDEX('1. REI Prioritization'!N7:N21,MATCH(B13,'1. REI Prioritization'!B7:B21,0)),"") -> 30 days
B14: Adient | C14: =IFERROR(INDEX('1. REI Prioritization'!C7:C21,MATCH(B14,'1. REI Prioritization'!B7:B21,0)),"") -> N. America | D14: =IFERROR(INDEX('1. REI Prioritization'!D7:D21,MATCH(B14,'1. REI Prioritization'!B7:B21,0)),"") -> Tier 1 | E14: =IFERROR(INDEX('1. REI Prioritization'!M7:M21,MATCH(B14,'1. REI Prioritization'!B7:B21,0)),"") -> Approved / P4 | F14: Rachel Green | G14: r.green@adient.com | I14: Registered | J14: Yes | K14: =IFERROR(INDEX('1. REI Prioritization'!N7:N21,MATCH(B14,'1. REI Prioritization'!B7:B21,0)),"") -> 30 days
B15: Tata Steel | C15: =IFERROR(INDEX('1. REI Prioritization'!C7:C21,MATCH(B15,'1. REI Prioritization'!B7:B21,0)),"") -> India | D15: =IFERROR(INDEX('1. REI Prioritization'!D7:D21,MATCH(B15,'1. REI Prioritization'!B7:B21,0)),"") -> Tier 2 | E15: =IFERROR(INDEX('1. REI Prioritization'!M7:M21,MATCH(B15,'1. REI Prioritization'!B7:B21,0)),"") -> Preferred / P3 | F15: Raj Patel | G15: r.patel@tata.com | H15: Priya Shah | I15: Pending | J15: Yes | K15: =IFERROR(INDEX('1. REI Prioritization'!N7:N21,MATCH(B15,'1. REI Prioritization'!B7:B21,0)),"") -> 21 days | L15: Portal registration overdue
B16: Minda Industries | C16: =IFERROR(INDEX('1. REI Prioritization'!C7:C21,MATCH(B16,'1. REI Prioritization'!B7:B21,0)),"") -> India | D16: =IFERROR(INDEX('1. REI Prioritization'!D7:D21,MATCH(B16,'1. REI Prioritization'!B7:B21,0)),"") -> Tier 2 | E16: =IFERROR(INDEX('1. REI Prioritization'!M7:M21,MATCH(B16,'1. REI Prioritization'!B7:B21,0)),"") -> Approved / P4 | F16: Amit Kumar | G16: a.kumar@minda.com | I16: Pending | J16: Yes | K16: =IFERROR(INDEX('1. REI Prioritization'!N7:N21,MATCH(B16,'1. REI Prioritization'!B7:B21,0)),"") -> 30 days
B17: Webasto | C17: =IFERROR(INDEX('1. REI Prioritization'!C7:C21,MATCH(B17,'1. REI Prioritization'!B7:B21,0)),"") -> Europe | D17: =IFERROR(INDEX('1. REI Prioritization'!D7:D21,MATCH(B17,'1. REI Prioritization'!B7:B21,0)),"") -> Tier 2 | E17: =IFERROR(INDEX('1. REI Prioritization'!M7:M21,MATCH(B17,'1. REI Prioritization'!B7:B21,0)),"") -> Approved / P4 | F17: Hans Becker | G17: h.becker@webasto.com | I17: Pending | J17: Yes | K17: =IFERROR(INDEX('1. REI Prioritization'!N7:N21,MATCH(B17,'1. REI Prioritization'!B7:B21,0)),"") -> 30 days
B18: Foshan Manufacturing | C18: =IFERROR(INDEX('1. REI Prioritization'!C7:C21,MATCH(B18,'1. REI Prioritization'!B7:B21,0)),"") -> Asia Pacific | D18: =IFERROR(INDEX('1. REI Prioritization'!D7:D21,MATCH(B18,'1. REI Prioritization'!B7:B21,0)),"") -> Tier 2 | E18: =IFERROR(INDEX('1. REI Prioritization'!M7:M21,MATCH(B18,'1. REI Prioritization'!B7:B21,0)),"") -> Watch List | F18: Wei Zhang | G18: ⚠ MISSING — update urgently | H18: Liu Yang | I18: Not Registered | J18: Yes | K18: =IFERROR(INDEX('1. REI Prioritization'!N7:N21,MATCH(B18,'1. REI Prioritization'!B7:B21,0)),"") -> Immediate | L18: ⚠ Missing email — outreach bouncing
B19: Zhejiang Components | C19: =IFERROR(INDEX('1. REI Prioritization'!C7:C21,MATCH(B19,'1. REI Prioritization'!B7:B21,0)),"") -> Asia Pacific | D19: =IFERROR(INDEX('1. REI Prioritization'!D7:D21,MATCH(B19,'1. REI Prioritization'!B7:B21,0)),"") -> Tier 2 | E19: =IFERROR(INDEX('1. REI Prioritization'!M7:M21,MATCH(B19,'1. REI Prioritization'!B7:B21,0)),"") -> Watch List | F19: Chen Li | G19: c.li@zhejiang.com | I19: Not Registered | J19: Yes | K19: =IFERROR(INDEX('1. REI Prioritization'!N7:N21,MATCH(B19,'1. REI Prioritization'!B7:B21,0)),"") -> Immediate | L19: 2 delivery failures Q1
B21: Cell Legend: Yellow = enter your data | Teal = auto-calculated from Sheet 1 | Do not edit teal cells

Sheet 3. Campaign Calendar
B1: Step 3 — Campaign Calendar | Annual program plan. Escalation windows driven by REI segments.
B2: ► Plan all campaigns before the year starts. Escalation window per segment is set in Sheet 1 and flows through automatically.
B4: Campaign Name | C4: Campaign Type | D4: Owner | E4: Target Segment | F4: Frequency | G4: Quarter | H4: Collection Window | I4: Escalation Trigger Rule | J4: Output / Deliverable
B5: Regulatory Compliance
B6: CO2 Emissions Collection | C6: Regulatory Compliance | D6: Program Manager | E6: All suppliers | F6: Quarterly | G6: Q1,Q2,Q3,Q4 | H6: 4 weeks | I6: P1: 7d | P2: 14d | P3: 21d | Watch: Immediate | J6: CO2 data submitted to compliance team
B7: CBAM Certificate Collection | C7: Regulatory Compliance | D7: Program Manager | E7: EU-bound suppliers | F7: Quarterly | G7: Q1,Q2,Q3,Q4 | H7: 3 weeks | I7: P1: 7d | P2: 14d | P3: 21d | Watch: Immediate | J7: CBAM certificates filed
B8: Conflict Minerals (CMRT) | C8: Regulatory Compliance | D8: Program Manager | E8: All Tier 1 & Tier 2 | F8: Annual | G8: Q1 | H8: 6 weeks | I8: P1: 7d | P2: 14d | P3: 21d | J8: CMRT filed with SEC
B9: Substance Compliance RoHS/REACH | C9: Regulatory Compliance | D9: Program Manager | E9: Regulated material suppliers | F9: Annual | G9: Q2 | H9: 6 weeks | I9: P1: 7d | P2: 14d | P3: 21d | J9: Material compliance DB updated
B10: Risk & Financial Health
B11: Annual Supplier Risk Assessment | C11: Risk & Financial Health | D11: Program Manager | E11: All P1 + P2 suppliers | F11: Annual | G11: Q3 | H11: 8 weeks | I11: P1: 7d | P2: 14d | Watch: Immediate | J11: Risk register + REI scores updated
B12: Business Continuity Assessment | C12: Risk & Financial Health | D12: Program Manager | E12: P1 + single-source suppliers | F12: Annual | G12: Q2 | H12: 6 weeks | I12: P1: 7d | Watch: Immediate | J12: BCP status per supplier
B13: Sub-tier Supplier Visibility | C13: Risk & Financial Health | D13: Program Manager | E13: Critical commodity Tier 1 | F13: Annual | G13: Q4 | H13: 6 weeks | I13: P1: 7d | P2: 14d | J13: Sub-tier map updated
B14: Performance & Corrective Action
B15: Corrective Action — Quality | C15: Performance & Corrective Action | D15: Supplier Quality Eng + PM | E15: Suppliers with reject rate >2% | F15: Event-triggered | G15: As needed | H15: 2 weeks | I15: All segments: 7d — performance issue | J15: CAP accepted or supplier escalated
B16: Corrective Action — Delivery | C16: Performance & Corrective Action | D16: Sourcing + PM | E16: Suppliers with 2+ late deliveries | F16: Event-triggered | G16: As needed | H16: 2 weeks | I16: All segments: 7d — performance issue | J16: Delivery plan accepted or watch list
B17: Contact & Master Data
B18: Contact Verification | C18: Contact & Master Data | D18: Program Manager | E18: Full supply base | F18: Semi-annual | G18: Q1 + Q3 | H18: 4 weeks | I18: P1: 7d | P2: 14d | P3: 21d | P4: 30d | J18: Contact DB verified
B19: Supplier Code of Conduct | C19: Contact & Master Data | D19: Program Manager | E19: All active suppliers | F19: Annual | G19: Q1 | H19: 6 weeks | I19: P1: 7d | P2: 14d | P3: 21d | P4: 30d | J19: 100% sign-off on file
B20: Portal Registration | C20: Contact & Master Data | D20: Program Manager | E20: New onboarding suppliers | F20: As needed | G20: Ongoing | H20: 2 weeks | I20: All: 7d — onboarding milestone | J20: Supplier active in portal

Sheet 4. Campaign Tracker
B1: Step 4 — Campaign Tracker | Daily operations. Supplier data pulls from Master. Update STATUS only.
B2: ► Only update the STATUS column (H) and Notes column (L). All other supplier data pulls automatically from Sheet 2. Yellow = your input. Teal = auto.
B4: Campaign Name: | D4: Q2 Compliance Data Collection — CO2 Emissions | G4: Owner: | I4: Tejaswi Sreerama — Program Manager
B5: =COUNTA(B9:B500) -> 15 | C5: =COUNTIF(H9:H500,"Responded") -> 9 | D5: =COUNTIF(H9:H500,"Pending") -> 4 | E5: =COUNTIF(H9:H500,"Escalated") -> 2 | F5: =IFERROR(COUNTIF(H9:H500,"Responded")/COUNTA(B9:B500),0) -> 0.6 | G5: Total Targeted: | I5: =15 -> 15
B6: Total | C6: Responded | D6: Pending | E6: Escalated | F6: Response Rate | G6: Escalation Rule: | I6: Per REI Segment — see Sheet 1 Column N
B8: Supplier Name (from Master) | C8: Region (auto) | D8: Tier (auto) | E8: Email (from Master) | F8: Outreach Sent | G8: Due Date | H8: STATUS ← update here | I8: Days Since Outreach | J8: Days Until Due | K8: Escalation Flag (auto) | L8: Notes / Last Action
B9: ='2. Supplier Master'!B5 -> Bosch GmbH | C9: ='2. Supplier Master'!C5 -> Europe | D9: ='2. Supplier Master'!D5 -> Tier 1 | E9: ='2. Supplier Master'!G5 -> a.muller@bosch.com | F9: 2026-05-26 | G9: 2026-06-24 | H9: Responded | I9: =IFERROR(TODAY()-DATEVALUE(F9),"") -> 8 | J9: =IFERROR(DATEVALUE(G9)-TODAY(),"") -> 21 | K9: =IF(H9="Responded","✓ Clear",IF(H9="Escalated","⚠ ESCALATED — ACT NOW",IF(IFERROR(TODAY()-DATEVALUE(F9),0)>=IFERROR(VALUE(LEFT('2. Supplier Master'!K5,FIND(" ",'2. Supplier Master'!K5)-1)),30),"⚠ Overdue — Escalate now","Monitoring"))) -> ✓ Clear
B10: ='2. Supplier Master'!B6 -> BorgWarner | C10: ='2. Supplier Master'!C6 -> N. America | D10: ='2. Supplier Master'!D6 -> Tier 1 | E10: ='2. Supplier Master'!G6 -> s.hunt@borgwarner.com | F10: 2026-05-26 | G10: 2026-06-24 | H10: Responded | I10: =IFERROR(TODAY()-DATEVALUE(F10),"") -> 8 | J10: =IFERROR(DATEVALUE(G10)-TODAY(),"") -> 21 | K10: =IF(H10="Responded","✓ Clear",IF(H10="Escalated","⚠ ESCALATED — ACT NOW",IF(IFERROR(TODAY()-DATEVALUE(F10),0)>=IFERROR(VALUE(LEFT('2. Supplier Master'!K6,FIND(" ",'2. Supplier Master'!K6)-1)),30),"⚠ Overdue — Escalate now","Monitoring"))) -> ✓ Clear
B11: ='2. Supplier Master'!B7 -> Gentex Corporation | C11: ='2. Supplier Master'!C7 -> N. America | D11: ='2. Supplier Master'!D7 -> Tier 1 | E11: ='2. Supplier Master'!G7 -> m.johnson@gentex.com | F11: 2026-05-26 | G11: 2026-06-24 | H11: Responded | I11: =IFERROR(TODAY()-DATEVALUE(F11),"") -> 8 | J11: =IFERROR(DATEVALUE(G11)-TODAY(),"") -> 21 | K11: =IF(H11="Responded","✓ Clear",IF(H11="Escalated","⚠ ESCALATED — ACT NOW",IF(IFERROR(TODAY()-DATEVALUE(F11),0)>=IFERROR(VALUE(LEFT('2. Supplier Master'!K7,FIND(" ",'2. Supplier Master'!K7)-1)),30),"⚠ Overdue — Escalate now","Monitoring"))) -> ✓ Clear
B12: ='2. Supplier Master'!B8 -> Magna International | C12: ='2. Supplier Master'!C8 -> N. America | D12: ='2. Supplier Master'!D8 -> Tier 1 | E12: ='2. Supplier Master'!G8 -> j.smith@magna.com | F12: 2026-05-26 | G12: 2026-06-24 | H12: Responded | I12: =IFERROR(TODAY()-DATEVALUE(F12),"") -> 8 | J12: =IFERROR(DATEVALUE(G12)-TODAY(),"") -> 21 | K12: =IF(H12="Responded","✓ Clear",IF(H12="Escalated","⚠ ESCALATED — ACT NOW",IF(IFERROR(TODAY()-DATEVALUE(F12),0)>=IFERROR(VALUE(LEFT('2. Supplier Master'!K8,FIND(" ",'2. Supplier Master'!K8)-1)),30),"⚠ Overdue — Escalate now","Monitoring"))) -> ✓ Clear
B13: ='2. Supplier Master'!B9 -> Aptiv PLC | C13: ='2. Supplier Master'!C9 -> Europe | D13: ='2. Supplier Master'!D9 -> Tier 1 | E13: ='2. Supplier Master'!G9 -> j.obrien@aptiv.com | F13: 2026-05-26 | G13: 2026-06-24 | H13: Pending | I13: =IFERROR(TODAY()-DATEVALUE(F13),"") -> 8 | J13: =IFERROR(DATEVALUE(G13)-TODAY(),"") -> 21 | K13: =IF(H13="Responded","✓ Clear",IF(H13="Escalated","⚠ ESCALATED — ACT NOW",IF(IFERROR(TODAY()-DATEVALUE(F13),0)>=IFERROR(VALUE(LEFT('2. Supplier Master'!K9,FIND(" ",'2. Supplier Master'!K9)-1)),30),"⚠ Overdue — Escalate now","Monitoring"))) -> Monitoring | L13: OOO until Jun 10 — follow up then
B14: ='2. Supplier Master'!B10 -> Yanfeng Automotive | C14: ='2. Supplier Master'!C10 -> Europe | D14: ='2. Supplier Master'!D10 -> Tier 1 | E14: ='2. Supplier Master'!G10 -> p.dupont@yanfeng.com | F14: 2026-05-26 | G14: 2026-06-24 | H14: Responded | I14: =IFERROR(TODAY()-DATEVALUE(F14),"") -> 8 | J14: =IFERROR(DATEVALUE(G14)-TODAY(),"") -> 21 | K14: =IF(H14="Responded","✓ Clear",IF(H14="Escalated","⚠ ESCALATED — ACT NOW",IF(IFERROR(TODAY()-DATEVALUE(F14),0)>=IFERROR(VALUE(LEFT('2. Supplier Master'!K10,FIND(" ",'2. Supplier Master'!K10)-1)),30),"⚠ Overdue — Escalate now","Monitoring"))) -> ✓ Clear
B15: ='2. Supplier Master'!B11 -> Lear Corporation | C15: ='2. Supplier Master'!C11 -> N. America | D15: ='2. Supplier Master'!D11 -> Tier 1 | E15: ='2. Supplier Master'!G11 -> t.bradley@lear.com | F15: 2026-05-26 | G15: 2026-06-24 | H15: Responded | I15: =IFERROR(TODAY()-DATEVALUE(F15),"") -> 8 | J15: =IFERROR(DATEVALUE(G15)-TODAY(),"") -> 21 | K15: =IF(H15="Responded","✓ Clear",IF(H15="Escalated","⚠ ESCALATED — ACT NOW",IF(IFERROR(TODAY()-DATEVALUE(F15),0)>=IFERROR(VALUE(LEFT('2. Supplier Master'!K11,FIND(" ",'2. Supplier Master'!K11)-1)),30),"⚠ Overdue — Escalate now","Monitoring"))) -> ✓ Clear
B16: ='2. Supplier Master'!B12 -> Grupo Antolin | C16: ='2. Supplier Master'!C12 -> Mexico | D16: ='2. Supplier Master'!D12 -> Tier 1 | E16: ='2. Supplier Master'!G12 -> c.diaz@antolin.com | F16: 2026-05-26 | G16: 2026-06-24 | H16: Responded | I16: =IFERROR(TODAY()-DATEVALUE(F16),"") -> 8 | J16: =IFERROR(DATEVALUE(G16)-TODAY(),"") -> 21 | K16: =IF(H16="Responded","✓ Clear",IF(H16="Escalated","⚠ ESCALATED — ACT NOW",IF(IFERROR(TODAY()-DATEVALUE(F16),0)>=IFERROR(VALUE(LEFT('2. Supplier Master'!K12,FIND(" ",'2. Supplier Master'!K12)-1)),30),"⚠ Overdue — Escalate now","Monitoring"))) -> ✓ Clear
B17: ='2. Supplier Master'!B13 -> Motherson Group | C17: ='2. Supplier Master'!C13 -> India | D17: ='2. Supplier Master'!D13 -> Tier 1 | E17: ='2. Supplier Master'!G13 -> r.verma@motherson.com | F17: 2026-05-26 | G17: 2026-06-24 | H17: Pending | I17: =IFERROR(TODAY()-DATEVALUE(F17),"") -> 8 | J17: =IFERROR(DATEVALUE(G17)-TODAY(),"") -> 21 | K17: =IF(H17="Responded","✓ Clear",IF(H17="Escalated","⚠ ESCALATED — ACT NOW",IF(IFERROR(TODAY()-DATEVALUE(F17),0)>=IFERROR(VALUE(LEFT('2. Supplier Master'!K13,FIND(" ",'2. Supplier Master'!K13)-1)),30),"⚠ Overdue — Escalate now","Monitoring"))) -> Monitoring | L17: Reminder sent Jun 2
B18: ='2. Supplier Master'!B14 -> Adient | C18: ='2. Supplier Master'!C14 -> N. America | D18: ='2. Supplier Master'!D14 -> Tier 1 | E18: ='2. Supplier Master'!G14 -> r.green@adient.com | F18: 2026-05-26 | G18: 2026-06-24 | H18: Responded | I18: =IFERROR(TODAY()-DATEVALUE(F18),"") -> 8 | J18: =IFERROR(DATEVALUE(G18)-TODAY(),"") -> 21 | K18: =IF(H18="Responded","✓ Clear",IF(H18="Escalated","⚠ ESCALATED — ACT NOW",IF(IFERROR(TODAY()-DATEVALUE(F18),0)>=IFERROR(VALUE(LEFT('2. Supplier Master'!K14,FIND(" ",'2. Supplier Master'!K14)-1)),30),"⚠ Overdue — Escalate now","Monitoring"))) -> ✓ Clear
B19: ='2. Supplier Master'!B15 -> Tata Steel | C19: ='2. Supplier Master'!C15 -> India | D19: ='2. Supplier Master'!D15 -> Tier 2 | E19: ='2. Supplier Master'!G15 -> r.patel@tata.com | F19: 2026-05-26 | G19: 2026-06-24 | H19: Pending | I19: =IFERROR(TODAY()-DATEVALUE(F19),"") -> 8 | J19: =IFERROR(DATEVALUE(G19)-TODAY(),"") -> 21 | K19: =IF(H19="Responded","✓ Clear",IF(H19="Escalated","⚠ ESCALATED — ACT NOW",IF(IFERROR(TODAY()-DATEVALUE(F19),0)>=IFERROR(VALUE(LEFT('2. Supplier Master'!K15,FIND(" ",'2. Supplier Master'!K15)-1)),30),"⚠ Overdue — Escalate now","Monitoring"))) -> Monitoring | L19: Reminder sent Jun 2
B20: ='2. Supplier Master'!B16 -> Minda Industries | C20: ='2. Supplier Master'!C16 -> India | D20: ='2. Supplier Master'!D16 -> Tier 2 | E20: ='2. Supplier Master'!G16 -> a.kumar@minda.com | F20: 2026-05-26 | G20: 2026-06-24 | H20: Pending | I20: =IFERROR(TODAY()-DATEVALUE(F20),"") -> 8 | J20: =IFERROR(DATEVALUE(G20)-TODAY(),"") -> 21 | K20: =IF(H20="Responded","✓ Clear",IF(H20="Escalated","⚠ ESCALATED — ACT NOW",IF(IFERROR(TODAY()-DATEVALUE(F20),0)>=IFERROR(VALUE(LEFT('2. Supplier Master'!K16,FIND(" ",'2. Supplier Master'!K16)-1)),30),"⚠ Overdue — Escalate now","Monitoring"))) -> Monitoring | L20: First reminder sent Jun 2
B21: ='2. Supplier Master'!B17 -> Webasto | C21: ='2. Supplier Master'!C17 -> Europe | D21: ='2. Supplier Master'!D17 -> Tier 2 | E21: ='2. Supplier Master'!G17 -> h.becker@webasto.com | F21: 2026-05-26 | G21: 2026-06-24 | H21: Responded | I21: =IFERROR(TODAY()-DATEVALUE(F21),"") -> 8 | J21: =IFERROR(DATEVALUE(G21)-TODAY(),"") -> 21 | K21: =IF(H21="Responded","✓ Clear",IF(H21="Escalated","⚠ ESCALATED — ACT NOW",IF(IFERROR(TODAY()-DATEVALUE(F21),0)>=IFERROR(VALUE(LEFT('2. Supplier Master'!K17,FIND(" ",'2. Supplier Master'!K17)-1)),30),"⚠ Overdue — Escalate now","Monitoring"))) -> ✓ Clear
B22: ='2. Supplier Master'!B18 -> Foshan Manufacturing | C22: ='2. Supplier Master'!C18 -> Asia Pacific | D22: ='2. Supplier Master'!D18 -> Tier 2 | E22: ='2. Supplier Master'!G18 -> ⚠ MISSING — update urgently | F22: 2026-05-26 | G22: 2026-06-24 | H22: Escalated | I22: =IFERROR(TODAY()-DATEVALUE(F22),"") -> 8 | J22: =IFERROR(DATEVALUE(G22)-TODAY(),"") -> 21 | K22: =IF(H22="Responded","✓ Clear",IF(H22="Escalated","⚠ ESCALATED — ACT NOW",IF(IFERROR(TODAY()-DATEVALUE(F22),0)>=IFERROR(VALUE(LEFT('2. Supplier Master'!K18,FIND(" ",'2. Supplier Master'!K18)-1)),30),"⚠ Overdue — Escalate now","Monitoring"))) -> ⚠ ESCALATED — ACT NOW | L22: Email bouncing. Category manager notified Jun 1.
B23: ='2. Supplier Master'!B19 -> Zhejiang Components | C23: ='2. Supplier Master'!C19 -> Asia Pacific | D23: ='2. Supplier Master'!D19 -> Tier 2 | E23: ='2. Supplier Master'!G19 -> c.li@zhejiang.com | F23: 2026-05-26 | G23: 2026-06-24 | H23: Escalated | I23: =IFERROR(TODAY()-DATEVALUE(F23),"") -> 8 | J23: =IFERROR(DATEVALUE(G23)-TODAY(),"") -> 21 | K23: =IF(H23="Responded","✓ Clear",IF(H23="Escalated","⚠ ESCALATED — ACT NOW",IF(IFERROR(TODAY()-DATEVALUE(F23),0)>=IFERROR(VALUE(LEFT('2. Supplier Master'!K19,FIND(" ",'2. Supplier Master'!K19)-1)),30),"⚠ Overdue — Escalate now","Monitoring"))) -> ⚠ ESCALATED — ACT NOW | L23: 2 reminders sent. Escalated to category manager Jun 1.

Sheet 5. Escalation Log
B1: Step 5 — Escalation Log | Auto-populated from Campaign Tracker. Document every action taken.
B2: ► Escalated suppliers appear here automatically. Fill in Action Taken, Resolution Status, and Next Action. Every entry must have a date. This is your audit trail.
B4: Supplier Name | C4: Region | D4: Tier | E4: Escalation Stage | F4: Contact Email (from Master) | G4: Days Overdue | H4: Category Manager (enter here) | I4: Action Taken (enter here) | J4: Resolution Status | K4: Next Action + Date
B5: ='4. Campaign Tracker'!B22 -> Foshan Manufacturing | C5: ='4. Campaign Tracker'!C22 -> Asia Pacific | D5: ='4. Campaign Tracker'!D22 -> Tier 2 | E5: Stage 4 — Critical | F5: ='2. Supplier Master'!G18 -> ⚠ MISSING — update urgently | G5: ='4. Campaign Tracker'!I22 -> 8 | H5: David Chen — david.chen@kla.com | I5: Jun 1 — Phone attempted, no answer. Jun 2 — Written notice sent. | J5: Open — 42 days overdue | K5: Jun 5 — Second phone attempt. If no response → Watch List review.
B6: ='4. Campaign Tracker'!B23 -> Zhejiang Components | C6: ='4. Campaign Tracker'!C23 -> Asia Pacific | D6: ='4. Campaign Tracker'!D23 -> Tier 2 | E6: Stage 3 — Escalated | F6: ='2. Supplier Master'!G19 -> c.li@zhejiang.com | G6: ='4. Campaign Tracker'!I23 -> 8 | H6: David Chen — david.chen@kla.com | I6: Jun 1 — Category manager emailed supplier directly. | J6: Open — Awaiting category manager response | K6: Jun 5 — Category manager follow-up call.

Sheet 6. Dashboard
B1: Step 6 — Dashboard | Leadership reporting. All metrics update automatically from Campaign Tracker.
B2: ► Do not edit this sheet. Share with leadership for monthly program health updates. All numbers are live.
B4: Total Suppliers | D4: Responded | F4: Pending | H4: Escalated | J4: Response Rate
B5: ='4. Campaign Tracker'!B5 -> 15 | D5: ='4. Campaign Tracker'!C5 -> 9 | F5: ='4. Campaign Tracker'!D5 -> 4 | H5: ='4. Campaign Tracker'!E5 -> 2 | J5: ='4. Campaign Tracker'!F5 -> 0.6
B8: Response Rate by Region
B9: Region | C9: Responded | D9: Total | E9: Rate %
B10: N. America | C10: =COUNTIFS('4. Campaign Tracker'!C9:C500,B10,'4. Campaign Tracker'!H9:H500,"Responded") -> 5 | D10: =COUNTIF('4. Campaign Tracker'!C9:C500,B10) -> 5 | E10: =IFERROR(C10/D10,0) -> 1
B11: Europe | C11: =COUNTIFS('4. Campaign Tracker'!C9:C500,B11,'4. Campaign Tracker'!H9:H500,"Responded") -> 3 | D11: =COUNTIF('4. Campaign Tracker'!C9:C500,B11) -> 4 | E11: =IFERROR(C11/D11,0) -> 0.75
B12: Asia Pacific | C12: =COUNTIFS('4. Campaign Tracker'!C9:C500,B12,'4. Campaign Tracker'!H9:H500,"Responded") -> 0 | D12: =COUNTIF('4. Campaign Tracker'!C9:C500,B12) -> 2 | E12: =IFERROR(C12/D12,0) -> 0
B13: India | C13: =COUNTIFS('4. Campaign Tracker'!C9:C500,B13,'4. Campaign Tracker'!H9:H500,"Responded") -> 0 | D13: =COUNTIF('4. Campaign Tracker'!C9:C500,B13) -> 3 | E13: =IFERROR(C13/D13,0) -> 0
B14: Mexico | C14: =COUNTIFS('4. Campaign Tracker'!C9:C500,B14,'4. Campaign Tracker'!H9:H500,"Responded") -> 1 | D14: =COUNTIF('4. Campaign Tracker'!C9:C500,B14) -> 1 | E14: =IFERROR(C14/D14,0) -> 1
B16: Response Rate by Tier
B17: Tier | C17: Responded | D17: Total | E17: Rate %
B18: Tier 1 | C18: =COUNTIFS('4. Campaign Tracker'!D9:D500,B18,'4. Campaign Tracker'!H9:H500,"Responded") -> 8 | D18: =COUNTIF('4. Campaign Tracker'!D9:D500,B18) -> 10 | E18: =IFERROR(C18/D18,0) -> 0.8
B19: Tier 2 | C19: =COUNTIFS('4. Campaign Tracker'!D9:D500,B19,'4. Campaign Tracker'!H9:H500,"Responded") -> 1 | D19: =COUNTIF('4. Campaign Tracker'!D9:D500,B19) -> 5 | E19: =IFERROR(C19/D19,0) -> 0.2
B20: Tier 3 | C20: =COUNTIFS('4. Campaign Tracker'!D9:D500,B20,'4. Campaign Tracker'!H9:H500,"Responded") -> 0 | D20: =COUNTIF('4. Campaign Tracker'!D9:D500,B20) -> 0 | E20: =IFERROR(C20/D20,0) -> 0
G22: Supplier Portfolio by REI Segment
G23: Segment | H23: Count | I23: Responded | J23: Rate %
G24: Critical / P1 | H24: =COUNTIF('1. REI Prioritization'!M7:M21,G24) -> 3 | I24: =COUNTIFS('4. Campaign Tracker'!H9:H500,"Responded") -> 9 | J24: =IFERROR(I24/H24,0) -> 3
G25: Strategic / P2 | H25: =COUNTIF('1. REI Prioritization'!M7:M21,G25) -> 0 | I25: =COUNTIFS('4. Campaign Tracker'!H9:H500,"Responded") -> 9 | J25: =IFERROR(I25/H25,0) -> 0
G26: Preferred / P3 | H26: =COUNTIF('1. REI Prioritization'!M7:M21,G26) -> 1 | I26: =COUNTIFS('4. Campaign Tracker'!H9:H500,"Responded") -> 9 | J26: =IFERROR(I26/H26,0) -> 9
G27: Approved / P4 | H27: =COUNTIF('1. REI Prioritization'!M7:M21,G27) -> 9 | I27: =COUNTIFS('4. Campaign Tracker'!H9:H500,"Responded") -> 9 | J27: =IFERROR(I27/H27,0) -> 1
G28: Watch List | H28: =COUNTIF('1. REI Prioritization'!M7:M21,G28) -> 2 | I28: =COUNTIFS('4. Campaign Tracker'!H9:H500,"Responded") -> 9 | J28: =IFERROR(I28/H28,0) -> 4.5
B30: Gap Analysis — Auto-generated
B31: ="⚠ "&'4. Campaign Tracker'!E5&" suppliers escalated — immediate action required" -> ⚠ 2 suppliers escalated — immediate action required
B32: ="⚠ "&'4. Campaign Tracker'!D5&" suppliers pending — monitor daily" -> ⚠ 4 suppliers pending — monitor daily
B33: ="Target response rate: 85% | Current: "&TEXT('4. Campaign Tracker'!F5,"0%") -> Target response rate: 85% | Current: 60%
B34: ="Asia Pacific response rate below average — localized follow-up recommended" -> Asia Pacific response rate below average — localized follow-up recommended
B35: ="Watch List suppliers: "&COUNTIF('1. REI Prioritization'!M7:M21,"Watch List")&" — review REI scores and consider alternate sourcing" -> Watch List suppliers: 2 — review REI scores and consider alternate sourcing
B37: Before vs After — Manual Effort Reduction
B38: Activity | C38: Before This Program | D38: After This Program | E38: Effort Saved
B39: Supplier outreach | C39: Individual emails from 5 different teams with no tracking | D39: Single structured campaign with full tracking and auto-reminders | E39: 80% reduction in outreach effort
B40: Response tracking | C40: Manual spreadsheet checks — who responded to what email | D40: Auto-calculated in Campaign Tracker — live at all times | E40: Eliminates 4-6 hours per week
B41: Escalation management | C41: Remembered by whoever sent the email — no system | D41: Auto-flagged by escalation rule, logged with audit trail | E41: Zero escalations missed
B42: Contact data | C42: Scattered across individual inboxes and old spreadsheets | D42: Single verified master list, semi-annual governance process | E42: Contact bounce rate reduced by 90%
B43: Leadership reporting | C43: Ad hoc requests, manually compiled each time | D43: One-click dashboard, auto-updated, ready to share monthly | E43: 3-4 hours per month saved

Sheet 7. Email Templates
B1: Step 7 — Email Templates | Ready-to-use outreach. Replace {brackets} before sending.
B2: ► Copy the relevant template, replace all {curly bracket} items with actual values, paste into your email client. Priority and tone should match the supplier's REI segment.
B3: TEMPLATE 1 — Compliance Data Request (P1/P2 — Urgent Tone)
B4: Subject: [KLA] Q{quarter} Compliance Data Request — ACTION REQUIRED by {due_date} Dear {supplier_contact_name}, I am writing on behalf of KLA Corporation's Global Supply Chain team to request Q{quarter} compliance data. As a {segment} supplier, your timely response is critical. We require the following from your team: 1. CO2 emissions data per part number shipped to KLA this quarter 2. CBAM certificate (EU-bound shipments only — if applicable) 3. Country of origin confirmation for all shipped components What you need to do: → Complete the attached data template → Submit via {portal_link} or reply to this email → Due date: {due_date} → Your escalation window: {escalation_window} (from REI segment classification) Please treat this as a priority. Contact me immediately if you have questions. {your_name} Supplier Communications & Intelligence | KLA Corporation {your_email} | {your_phone}
B6: TEMPLATE 2 — Risk Assessment (Annual — All P1/P2 Suppliers)
B7: Subject: [KLA] Annual Supplier Risk Assessment — Response Required by {due_date} Dear {supplier_contact_name}, KLA conducts an annual supplier risk assessment using the Risk Exposure Index (REI) methodology to evaluate supply chain resilience across our global supply base. As a {segment} supplier with REI classification {rei_score}, your participation in this assessment is required. Please complete the attached questionnaire covering: 1. Time to Recover (TTR): Estimated weeks to resume normal supply if disruption occurs 2. Single-source dependencies in your own supply chain 3. Financial health indicators (audited financials or equivalent) 4. Business continuity and disaster recovery plan status 5. Sub-tier supplier visibility for components critical to KLA What you need to do: → Complete the attached Risk Assessment Questionnaire → Submit via {portal_link} or reply to this email → Due date: {due_date} Responses are treated as confidential and used solely for KLA's supply chain risk management program. {your_name} Supplier Communications & Intelligence | KLA Corporation {your_email} | {your_phone}
B9: TEMPLATE 3 — Corrective Action Request
B10: Subject: [KLA] Corrective Action Request — {issue_type} — Response Required by {due_date} Dear {supplier_contact_name}, KLA has identified a performance issue requiring a formal corrective action response. Issue details: • Issue type: {issue_type} • Date of occurrence: {issue_date} • Part number(s) affected: {part_numbers} • Impact to KLA: {impact_description} What we need from you by {due_date}: 1. Root Cause Analysis — what caused this issue 2. Corrective Action Plan — steps to prevent recurrence with target dates 3. Containment actions — what you have already done 4. Evidence of corrective measures taken Note: As a {segment} supplier, your response SLA is {escalation_window}. Failure to respond triggers escalation to your KLA category manager. {your_name} / {quality_engineer_name} Supplier Quality & Communications | KLA Corporation {your_email} | {your_phone}
B12: TEMPLATE 4 — Contact Verification
B13: Subject: [KLA] Supplier Contact Verification — Please Confirm Your Details Dear {supplier_contact_name}, As part of KLA's semi-annual supplier data maintenance, we are verifying contact records to ensure accurate outreach across our global supply base. Please confirm or update the following: 1. Primary procurement contact: Name, title, email, direct phone 2. Backup contact: Name, title, email, direct phone 3. Management escalation contact: Name, title, email, direct phone 4. Any changes to company name, address, or ownership in the last 6 months What you need to do: → Reply to this email with confirmed or updated details → Or update directly in KLA's supplier portal: {portal_link} → Due date: {due_date} This takes approximately 5 minutes and ensures you continue to receive timely communications from KLA without disruption. {your_name} Supplier Communications & Intelligence | KLA Corporation {your_email} | {your_phone}
B15: TEMPLATE 5 — Escalation Reminder (Stage 2) — Watch List / P1 Suppliers
B16: Subject: [KLA] URGENT: {campaign_name} — Response Overdue — Escalating {escalation_date} Dear {supplier_contact_name}, This is our second reminder regarding {campaign_name}. Our records show no response despite initial outreach on {original_send_date} and a first reminder on {reminder_1_date}. Your supplier classification: {segment} Your escalation window: {escalation_window} Current days since outreach: {days_since_outreach} What is still needed: {outstanding_items} If we do not receive a response or direct acknowledgment by {final_deadline}, this matter will be escalated to your KLA category manager for direct contact, and your supplier status will be reviewed. We value our partnership and want to resolve this together. Please respond today. {your_name} Supplier Communications & Intelligence | KLA Corporation {your_email} | {your_phone}

Sheet 8. Trend Analysis
B1: Trend Analysis | Quarter-over-quarter performance tracking and pattern identification
B2: Update the response rate inputs each quarter. Charts and trend analysis update automatically. Use this to identify consistently underperforming regions or campaign types.
B4: Response Rate by Region — Quarter over Quarter
B5: Region | C5: Q3 2025 | D5: Q4 2025 | E5: Q1 2026 | F5: Q2 2026 | G5: Trend | H5: Assessment
B6: N. America | C6: 0.82 | D6: 0.85 | E6: 0.87 | F6: 0.89 | G6: Improving | H6: Consistently strong — maintain cadence
B7: Europe | C7: 0.74 | D7: 0.78 | E7: 0.8 | F7: 0.82 | G7: Improving | H7: Critical gap — immediate intervention required
B8: Asia Pacific | C8: 0.58 | D8: 0.62 | E8: 0.68 | F8: 0.71 | G8: Improving but below target | H8: Below target — increase follow-up frequency and localize messaging
B9: India | C9: 0.62 | D9: 0.65 | E9: 0.7 | F9: 0.74 | G9: Improving | H9: Critical gap — immediate intervention required
B10: Mexico | C10: 0.79 | D10: 0.81 | E10: 0.83 | F10: 0.85 | G10: On target | H10: Consistently strong — maintain cadence
B11: Target response rate: 85% per campaign | Any region below 70% triggers localized outreach strategy review
B13: Response Rate by Campaign Type — Quarter over Quarter
B14: Campaign Type | C14: Q3 2025 | D14: Q4 2025 | E14: Q1 2026 | F14: Q2 2026 | G14: Pattern | H14: Root Cause / Action
B15: Compliance Data Collection | C15: 0.72 | D15: 0.78 | E15: 0.82 | F15: 0.86 | G15: Improving | H15: Structured templates and portal submission improving completion rates
B16: Risk Assessment | C16: 0.68 | D16: 0.74 | E16: 0.79 | F16: 0.82 | G16: Improving | H16: Longer collection window (8 weeks) helping Tier 2 suppliers
B17: Corrective Action | C17: 0.85 | D17: 0.88 | E17: 0.91 | F17: 0.93 | G17: Strong | H17: 7-day SLA and category manager involvement driving fast response
B18: Contact Verification | C18: 0.78 | D18: 0.82 | E18: 0.85 | F18: 0.87 | G18: On target | H18: Semi-annual cadence well-established with supply base
B20: Emerging Trends and Recommended Actions
B21: Trend: Asia Pacific consistently below target across all campaign types | F21: Action: Language barrier and time zone gap slowing response. Recommend local language templates and regional follow-up agent.
B22: Trend: Corrective action campaigns have highest response rate (93%) | F22: Action: Supplier accountability highest when personal consequence is clear. Apply same urgency framing to compliance campaigns.
B23: Trend: Q1 response rates consistently highest across all regions | F23: Action: Suppliers more responsive at fiscal year start. Schedule critical compliance campaigns in Q1.
B24: Trend: Watch List suppliers have 0% response rate without category manager involvement | F24: Action: Program Manager outreach alone insufficient for Watch List. Category manager must co-own from Stage 1.
B25: Trend: Contact data decay rate approximately 15% per year | F25: Action: Semi-annual verification not sufficient for high-churn regions. India and Asia Pacific need quarterly verification.

Sheet 9. Contact Governance
B1: Contact Governance | How supplier contact data is maintained, validated, and kept accurate over time
B2: This sheet defines the process for maintaining contact data accuracy. Update Last Verified and Next Review dates as you complete verification cycles.
B4: Contact Data Governance Process
B5: Process Step | C5: Trigger | D5: Owner | E5: Action Required | F5: Timeline
B6: 1. Initial Onboarding | C6: When supplier is added to master list | D6: Program Manager | E6: Collect primary, backup, and escalation contacts. Verify email is valid. Register in portal. | F6: Day 0
B7: 2. Semi-Annual Verification | C7: Every 6 months — Q1 and Q3 | D7: Program Manager | E7: Send Contact Verification campaign to all active suppliers. Update master list within 1 week of close. | F7: Q1 and Q3
B8: 3. Bounce Detection | C8: Any time outreach email bounces | D8: Program Manager | E8: Flag supplier in master list. Attempt backup contact within 48 hours. Escalate to category manager if backup also fails. | F8: Within 48 hours
B9: 4. Personnel Change Alert | C9: When supplier notifies of contact change | D9: Supplier notifies Program Manager | E9: Update master list immediately. Send welcome outreach to new contact within 1 week. | F9: Within 1 week
B10: 5. Annual Audit | C10: Every Q4 | D10: Program Manager and IT | E10: Full audit of supplier contact database. Cross-check against portal registrations. Report data completeness to leadership. | F10: Q4 annually
B12: Contact Health Tracker — Current Status
B13: Supplier Name | C13: Last Verified | D13: Next Review Due | E13: Email Status | F13: Portal Status | G13: Action Required
B14: Bosch GmbH | C14: 2026-03-01 | D14: 2026-09-01 | E14: Verified | F14: Registered | G14: None
B15: BorgWarner | C15: 2026-03-01 | D15: 2026-09-01 | E15: Verified | F15: Registered | G15: None
B16: Gentex Corporation | C16: 2026-03-01 | D16: 2026-09-01 | E16: Verified | F16: Registered | G16: None
B17: Magna International | C17: 2026-03-01 | D17: 2026-09-01 | E17: Verified | F17: Registered | G17: None
B18: Aptiv PLC | C18: 2026-03-01 | D18: 2026-09-01 | E18: Verified | F18: Registered | G18: None
B19: Yanfeng Automotive | C19: 2026-03-01 | D19: 2026-09-01 | E19: Verified | F19: Registered | G19: None
B20: Lear Corporation | C20: 2026-03-01 | D20: 2026-09-01 | E20: Verified | F20: Registered | G20: None
B21: Grupo Antolin | C21: 2026-03-01 | D21: 2026-09-01 | E21: Verified | F21: Registered | G21: None
B22: Motherson Group | C22: 2025-09-01 | D22: 2026-09-01 | E22: Verified | F22: Registered | G22: None
B23: Adient | C23: 2025-09-01 | D23: 2026-09-01 | E23: Verified | F23: Registered | G23: None
B24: Tata Steel | C24: 2025-09-01 | D24: 2026-09-01 | E24: Verified | F24: Pending | G24: Complete portal registration
... B28: Zhejiang Components | C28: 2025-09-01 | D28: 2026-03-01 | E28: Verified | F28: Not Registered | G28: Complete portal registration
B29: Contact Health Summary
B30: =COUNTIF(E14:E28,"Verified")&" verified emails" -> 14 verified emails | D30: =COUNTIF(E14:E28,"BOUNCING")&" bouncing — action required" -> 1 bouncing — action required | F30: =COUNTIF(F14:F28,"Registered")&" portal registered" -> 10 portal registered | H30: =COUNTIF(F14:F28,"Not Registered")&" not registered" -> 2 not registered

Sheet 10. Internal Stakeholder Comms
B1: Internal Stakeholder Communications | How the Program Manager partners with internal teams
B2: This sheet defines the internal communication cadence. Update Status column as meetings and reports are delivered.
B4: Internal Stakeholder Engagement Cadence
B5: Stakeholder | C5: Meeting Type | D5: Frequency | E5: Purpose | F5: Program Manager Delivers | G5: Status
B6: Global Operations Leadership | C6: Monthly Program Health Report | D6: Monthly | E6: Report overall response rates, escalations, and program health vs targets | F6: Dashboard summary, gap analysis, recommended actions, next month priorities | G6: Active
B7: Sourcing and Category Managers | C7: Weekly Escalation Review | D7: Weekly | E7: Align on escalated suppliers requiring category manager intervention | F7: Escalation log with supplier names, days overdue, and recommended actions | G7: Active
B8: Compliance Team | C8: Pre-Campaign Alignment | D8: Before each compliance campaign | E8: Confirm data requirements, regulatory deadlines, and submission format before launch | F8: Campaign brief with target suppliers, data template, and submission timeline | G8: Active
B9: Supplier Quality Engineering | C9: Corrective Action Review | D9: Bi-weekly | E9: Review open corrective actions and agree on escalation decisions | F9: Open CAR status by supplier with days outstanding and next actions | G9: Active
B10: IT and Data Team | C10: System and Data Review | D10: Monthly | E10: Review portal registrations, contact data completeness, and system issues | F10: Contact health report showing bouncing emails and incomplete profiles | G10: Active
B11: Finance Team | C11: CBAM and Cost Impact Brief | D11: Quarterly | E11: Share carbon cost exposure from CBAM compliance data collected from suppliers | F11: CBAM cost liability estimate by supplier and region | G11: Active
B13: Information Flow — What Each Team Provides to the Program Manager
B14: Team | C14: What They Provide | D14: When | E14: Used For
B15: Sourcing Team | C15: Supplier list with spend data and tier classification | D15: Annually and when new suppliers added | E15: REI scoring and segmentation in Sheet 1
B16: Compliance Team | C16: Regulatory deadlines, data requirements, submission format | D16: Before each compliance campaign | E16: Campaign design and template creation
B17: Finance Team | C17: CBAM liability calculations and EU shipment volumes | D17: Quarterly | E17: Compliance campaign targeting and CBAM data validation
B18: Supplier Quality Eng | C18: Quality rejection rates and delivery failure data | D18: Monthly | E18: Watch list updates and corrective action campaign triggers
B19: IT Team | C19: Portal registration status, bounce reports, system issues | D19: Monthly | E19: Contact health tracker and supplier master updates
B20: Category Managers | C20: Escalation resolution outcomes and supplier commitments | D20: After each escalation | E20: Escalation log closure and supplier status updates
